<?xml version="1.0" encoding="UTF-8"?>
<project-private xmlns="http://www.netbeans.org/ns/project-private/1">
    <editor-bookmarks xmlns="http://www.netbeans.org/ns/editor-bookmarks/2" lastBookmarkId="0"/>
    <open-files xmlns="http://www.netbeans.org/ns/projectui-open-files/2">
        <group>
            <file>file:/C:/Users/Steven/Documents/NetBeansProjects/Bang_GUI/src/bang_gui/Bang_GUI.java</file>
            <file>file:/C:/Users/Steven/Documents/NetBeansProjects/Bang_GUI/src/bang_gui/Game%20Board.fxml</file>
            <file>file:/C:/Users/Steven/Documents/NetBeansProjects/Bang_GUI/src/bang_gui/GameBoardController.java</file>
        </group>
    </open-files>
</project-private>
